{
  "$schema": "https://schema.management.azure.com/schemas/2019-04-01/deploymentTemplate.json#",
  "contentVersion": "1.0.0.0",
  "parameters": {
    "service_BusNamespace_Name": {
      "type": "string",
      "metadata": {
        "description": "Name of the Service Bus namespace"
      }
    },
    "serviceBusTopicName": {
      "type": "string",
      "metadata": {
        "description": "Name of the Topic"
      }
    },
    "location": {
      "type": "string",
      "defaultValue": "[resourceGroup().location]",
      "metadata": {
        "description": "Location for all resources."
      }
    }
  },
  "variables": {
    "defaultSASKey_Name": "RootManageSharedAccessKey",
    "authRuleResource_Id": "[resourceId('Microsoft.ServiceBus/namespaces/authorizationRules', parameters('service_BusNamespace_Name'), variables('defaultSASKey_Name'))]",
    "sbVersion": "2017-04-01"
  },
  "resources": [
    {
      "apiVersion": "2017-04-01",
      "name": "[parameters('service_BusNamespace_Name')]",
      "type": "Microsoft.ServiceBus/namespaces",
      "location": "[parameters('location')]",
      "sku": {
        "name": "Standard"
      },
      "resources": [
        {
          "apiVersion": "2017-04-01",
          "name": "[parameters('serviceBusTopicName')]",
          "type": "topics",
          "dependsOn": [
            "[concat('Microsoft.ServiceBus/namespaces/', parameters('service_BusNamespace_Name'))]"
          ],
          "properties": {
            "defaultMessageTimeToLive": "P10675199DT2H48M5.4775807S",
            "maxSizeInMegabytes": "1024",
            "requiresDuplicateDetection": "false",
            "duplicateDetectionHistoryTimeWindow": "PT10M",
            "enableBatchedOperations": "false",
            "supportOrdering": "false",
            "autoDeleteOnIdle": "P10675199DT2H48M5.4775807S",
            "enablePartitioning": "false",
            "enableExpress": "false"
          }
        }
      ]
    }
  ],
  "outputs": {
    "NamespaceConnectionString": {
      "type": "string",
      "value": "[listkeys(variables('authRuleResource_Id'), variables('sbVersion')).primaryConnectionString]"
    },
    "SharedAccessPolicyPrimaryKey": {
      "type": "string",
      "value": "[listkeys(variables('authRuleResource_Id'), variables('sbVersion')).primaryKey]"
    }
  }
}
